Model,open_source,year,EWMScore,Visual Quality,Motion Quality,Content Consistency,Physics Adherence,3D Accuracy,Controllability,Image Quality,Aesthetic Quality,JEPA Similarity,Dynamic Degree,Flow Score,Motion Smoothness,Subject Consistency,Background Consistency,Photometric Consistency,Interaction Quality,Trajectory Accuracy,Depth Accuracy,Perspectivity,Instruction Following,Semantic Alignment,Action Following
ABot-PhysWorld (text),Closed-source,2026,62.63,64.41,48.34,63.37,56.73,85.46,63.11,61.03,41.83,90.36,39.33,29.22,76.48,80.56,89.02,20.52,81.96,31.5,71.99,98.94,92.1,89.58,7.65
GigaWorld-1,Closed-source,2026,62.34,63.04,39.16,65.17,64.68,97.02,57.28,51.18,41.17,96.77,30.52,18.64,68.33,80.97,86.43,28.11,75.1,54.27,98.44,95.6,82.14,89.42,0.28
Ctrl-World,Open-source,2025,59.98,57.42,50.91,62.25,55.41,88.46,53.42,42.44,37.05,92.77,41.82,33.57,77.34,83.56,90.3,12.88,62.62,48.2,93.25,83.66,67.68,88.68,3.9
Wan2.6,Closed-source,2025,59.8,61.44,45.92,64.0,42.67,84.68,62.66,67.36,44.4,72.57,33.63,22.01,82.12,73.15,84.29,34.57,73.16,12.18,75.43,93.94,89.96,88.09,9.92
CogvideoX,Open-source,2024,58.79,55.79,42.18,67.71,50.88,88.28,55.09,36.23,36.3,94.84,31.47,21.77,73.3,80.97,88.38,33.79,66.96,34.79,91.09,85.46,75.58,89.7,0.0
Veo3.1,Closed-source,2025,57.77,57.44,30.26,68.34,46.43,86.96,63.15,65.57,48.79,57.97,14.66,8.26,67.85,75.82,91.67,37.52,81.5,11.36,74.27,99.64,97.14,83.79,8.52
IRASim,Open-source,2024,56.14,56.14,32.52,65.74,49.34,88.83,52.92,41.85,32.86,93.72,21.6,11.66,64.31,72.82,78.69,45.7,62.76,35.92,93.5,84.16,65.4,89.43,3.94
TesserAct,Open-source,2025,54.62,38.9,54.86,65.9,39.54,79.06,52.61,35.45,41.3,39.94,56.49,26.28,81.8,84.57,92.82,20.31,62.7,16.39,73.85,84.26,66.8,88.68,2.36
WoW,Open-source,2025,54.42,53.16,43.67,64.39,40.62,78.28,49.75,46.15,38.55,74.79,32.95,23.26,74.81,81.09,90.53,21.56,59.84,21.39,73.11,83.44,56.7,88.04,4.51
Cosmos-Predict 2.5(Action),Open-source,2025,54.29,58.09,31.52,61.72,43.98,87.52,50.57,49.48,34.14,90.65,18.96,9.95,65.66,67.24,72.72,45.21,60.46,27.49,90.35,84.68,60.54,89.86,1.31
Cosmos-Predict 2.5(text),Open-source,2025,53.06,52.17,36.7,58.52,38.37,84.46,53.68,65.49,44.33,46.69,21.62,17.55,70.93,66.19,73.98,35.39,65.14,11.6,70.71,98.22,64.7,86.34,10.01
Vidar,Open-source,2025,51.92,47.57,39.06,56.39,41.05,80.82,52.62,41.75,39.87,61.1,21.05,17.03,79.11,70.37,78.24,20.57,60.84,21.26,79.77,81.88,61.54,88.46,7.86
wan2.2,Open-source,2025,51.71,49.96,33.15,66.62,35.74,81.28,48.07,39.53,38.32,72.02,21.46,10.91,67.07,72.91,79.37,47.57,54.54,16.93,80.57,81.98,49.84,88.98,5.39
GigaWorld-0,Open-source,2025,50.96,42.54,49.23,58.2,36.64,70.92,50.11,48.81,40.15,38.65,39.45,30.89,77.34,73.62,88.15,12.84,56.2,17.07,63.78,78.06,56.14,86.64,7.55
RoboMaster,Open-source,2025,50.35,34.58,42.91,67.33,33.57,80.85,47.45,36.05,37.87,29.83,41.74,16.07,70.91,82.91,90.8,28.28,54.8,12.35,83.77,77.94,51.14,87.78,3.43
Genie Envisioner,Open-source,2025,41.37,29.46,40.5,59.37,12.68,70.58,35.8,28.18,26.39,33.81,32.41,19.91,69.17,74.53,87.54,16.04,22.74,2.63,86.83,54.32,20.36,85.98,1.07
